<project name="pmd" default="alljavacc" basedir="../../">

    <property name="javacc-home.path" value="target/lib" />

    <target name="alljavacc"
            description="Generates all JavaCC aspects within PMD"
            depends="checkUpToDate,init,pythonjavacc,cleanup" />

    <target name="checkUpToDate">
        <uptodate property="javaccBuildNotRequired" targetfile="${target}/last-generated-timestamp">
            <srcfiles dir="etc/grammar" includes="*.jj*"/>
        </uptodate>
        <echo message="up to date check: javaccBuildNotRequired=${javaccBuildNotRequired}"/>
    </target>

    <target name="init" unless="javaccBuildNotRequired">
        <mkdir dir="${javacc-home.path}" />
        <copy file="${javacc.jar}" tofile="${javacc-home.path}/javacc.jar" />

        <mkdir dir="${target}"/>
        <touch file="${target}/last-generated-timestamp"/>
    </target>

    <target name="cleanup">
        <delete dir="${javacc-home.path}" />
    </target>

    <target name="pythonjavacc" description="Generates the Python grammar" unless="javaccBuildNotRequired">
        <delete dir="${target}/net/sourceforge/pmd/lang/python/ast" />
        <mkdir dir="${target}/net/sourceforge/pmd/lang/python/ast" />
        <!-- Ensure generated using CharStream interface -->
        <javacc static="false"
                usercharstream="true"
                target="etc/grammar/python.jj"
                outputdirectory="${target}/net/sourceforge/pmd/lang/python/ast"
                javacchome="${javacc-home.path}" />
        <replace file="${target}/net/sourceforge/pmd/lang/python/ast/PythonParserTokenManager.java"
                 token="class PythonParserTokenManager"
                 value="class PythonParserTokenManager extends net.sourceforge.pmd.lang.ast.AbstractTokenManager" />
        <delete file="${target}/net/sourceforge/pmd/lang/python/ast/CharStream.java" />
        <delete file="${target}/net/sourceforge/pmd/lang/python/ast/ParseException.java" />
        <delete file="${target}/net/sourceforge/pmd/lang/python/ast/TokenMgrError.java" />
    </target>

</project>
