<?xml version="1.0" encoding="UTF-8"?>
<project
  xmlns="http://maven.apache.org/DECORATION/1.1.0"
  xmlns:xsi="http://www.w3.org/2001/XMLSchema-instance"
  xsi:schemaLocation="http://maven.apache.org/DECORATION/1.1.0 http://maven.apache.org/xsd/decoration-1.1.0.xsd"
  name="PMD">

  <skin>
    <groupId>org.apache.maven.skins</groupId>
    <artifactId>maven-fluido-skin</artifactId>
    <version>1.4</version>
  </skin>

  <custom>
    <fluidoSkin>
      <topBarEnabled>true</topBarEnabled>
      <sideBarEnabled>true</sideBarEnabled>
      <topBarIcon>
        <name>PMD</name>
        <alt>PMD</alt>
        <src>images/logo/pmd_logo_tiny.png</src>
        <href>index.html</href>
      </topBarIcon>
      <sourceLineNumbersEnabled>true</sourceLineNumbersEnabled>
      <gitHub>
        <projectId>pmd/pmd</projectId>
        <ribbonOrientation>right</ribbonOrientation>
        <ribbonColor>black</ribbonColor>
      </gitHub>
<!--       <profile>(pre-release|sandbox|retired)</profile> -->
    </fluidoSkin>
  </custom>

  <bannerLeft>
    <name>pmd-logo</name>
    <src>images/logo/pmd_logo_small.png</src>
    <href>http://pmd.sourceforge.net/</href>
  </bannerLeft>
  <bannerRight>
    <name>SourceForge</name>
    <src>images/sflogo.png</src>
    <href>http://sourceforge.net/</href>
  </bannerRight>
  
  <poweredBy>
      <logo name="Maven"
            alt="Built by Maven"
            href="http://maven.apache.org/"
            img="http://maven.apache.org/images/logos/maven-feather.png"/>
      <logo name="SourceForge.net"
            alt="SourceForge.net. Fast, secure and Free Open Source software downloads"
            href="http://sourceforge.net/"
            img="http://sflogo.sourceforge.net/sflogo.php?group_id=56262&amp;type=10"
            width="80" height="15"/>
  </poweredBy>
  
  <body>
    <links>
      <item href="http://sourceforge.net/projects/pmd" name="SourceForge.net Project Page"/>
      <item href="http://sourceforge.net" name="Hosted by SourceForge"/>
    </links>

    <breadcrumbs>
      <item href="http://www.sourceforge.net/" name="SourceForge"/>
      <item href="http://pmd.sourceforge.net/" name="PMD"/>
    </breadcrumbs>

    <menu name="Overview">
      <item href="https://sourceforge.net/projects/pmd/files/pmd/${version}/" name="Download PMD ${version}"/>
      <item href="/overview/changelog.html" name="What's new in PMD ${version}"/>
      <item href="/overview/changelog-old.html" name="Previous versions"/>
      <item href="/overview/news.html" name="PMD in the news"/>
      <item href="/overview/products.html" name="PMD-related products and books"/>
      <item href="/overview/bestpractices.html" name="Best practices"/>
      <item href="/overview/future.html" name="Future directions"/>
      <item href="/overview/similar-projects.html" name="Similar projects"/>
      <item href="/overview/credits.html" name="Credits"/>
      <item href="/overview/license.html" name="License"/>
      <item href="/overview/meaning.html" name="What does 'PMD' mean?"/>
    </menu>
    <menu name="Usage">
      <item href="/usage/installing.html" name="Installation"/>
      <item href="/usage/running.html" name="PMD: Command line usage"/>
      <item href="/usage/ant-task.html" name="PMD: Ant task usage"/>
      <item href="/usage/suppressing.html" name="PMD: Suppressing warnings"/>
      <item href="/usage/cpd-usage.html" name="CPD: Finding duplicated code"/>
      <item href="/usage/maven-plugin.html" name="Maven 1 plugin usage"/>
      <item href="/usage/mvn-plugin.html" name="Mvn 2/3 plugin usage"/>
      <item href="/usage/integrations.html" name="IDE plugin usage"/>
      <item href="/usage/jspsupport.html" name="JSP support"/>
      <item href="/usage/ci-plugins.html" name="CI Plugins"/>
      <item href="/usage/faq.html" name="FAQ"/>
    </menu>
    <menu name="Customizing PMD">
        <item href="/customizing/compiling.html" name="Compiling PMD"/>
        <item href="/customizing/howtowritearule.html" name="How to write a rule"/>
        <item href="/customizing/xpathruletutorial.html" name="Writing XPath rules"/>
        <item href="/customizing/howtomakearuleset.html" name="How to make a rule set"/>
        <item href="/customizing/howitworks.html" name="How it works"/>
        <item href="/customizing/rule-guidelines.html" name="Rule guidelines"/>
        <item href="/customizing/pmd-developer.html" name="PMD developers information"/>
        <item href="/customizing/pmd-release-process.html" name="PMD Release Process"/>
        <item href="/customizing/new-language.html" name="New Language"/>
        <item href="/customizing/cpd-parser-howto.html" name="New CPD Language"/>
    </menu>
    <menu name="For example">
      <item href="../scoreboard.html" name="Run PMD on a Sourceforge project"/>
    </menu>
    <menu name="Misc.">
      <item href="http://webhostinggeeks.com/science/xpath-sourceforge-ka" name="XPath tutorial (Gregorian)"/>
    </menu>
    <menu ref="modules"/>
    <menu ref="reports"/>
  </body>
</project>
