<project name="pmd" default="alljavacc" basedir="../../">

    <property name="javacc-home.path" value="target/lib" />

    <target name="alljavacc"
            description="Generates all JavaCC aspects within PMD"
            depends="checkUpToDate,init,vmjjtree,cleanup" />

    <target name="checkUpToDate">
        <uptodate property="javaccBuildNotRequired" targetfile="${target}/last-generated-timestamp">
            <srcfiles dir="etc/grammar" includes="*.jj*"/>
        </uptodate>
        <echo message="up to date check: javaccBuildNotRequired=${javaccBuildNotRequired}"/>
    </target>

    <target name="init" unless="javaccBuildNotRequired">
        <mkdir dir="${javacc-home.path}" />
        <copy file="${javacc.jar}" tofile="${javacc-home.path}/javacc.jar" />

        <mkdir dir="${target}"/>
        <touch file="${target}/last-generated-timestamp"/>
    </target>

    <target name="cleanup">
        <delete dir="${javacc-home.path}" />
    </target>

    <target name="vmjjtree" description="Generates the VM parser and AST source files" unless="javaccBuildNotRequired">
        <delete dir="${target}/net/sourceforge/pmd/lang/vm/ast/" />
        <mkdir dir="${target}/net/sourceforge/pmd/lang/vm/ast/" />
        <jjtree target="etc/grammar/VmParser.jjt"
                outputdirectory="${target}/net/sourceforge/pmd/lang/vm/ast/"
                javacchome="${javacc-home.path}" />
        <!-- Ensure generated using CharStream interface -->
        <javacc static="false"
                usercharstream="true"
                unicodeinput="true"
                javaunicodeescape="false"
                target="${target}/net/sourceforge/pmd/lang/vm/ast/VmParser.jj"
                outputdirectory="${target}/net/sourceforge/pmd/lang/vm/ast"
                javacchome="${javacc-home.path}" />
        <delete file="${target}/net/sourceforge/pmd/lang/vm/ast/Node.java" />
        <delete file="${target}/net/sourceforge/pmd/lang/vm/ast/SimpleNode.java" />
        <delete file="${target}/net/sourceforge/pmd/lang/vm/ast/CharStream.java" />
        <delete file="${target}/net/sourceforge/pmd/lang/vm/ast/TokenMgrError.java" />

        <replace file="${target}/net/sourceforge/pmd/lang/vm/ast/VmParserTokenManager.java"
                 token="class VmParserTokenManager"
                 value="class VmParserTokenManager extends net.sourceforge.pmd.lang.ast.AbstractTokenManager" />
        <replace file="${target}/net/sourceforge/pmd/lang/vm/ast/VmParser.java"
                 token="throw new Error"
                 value="throw new RuntimeException" />
        <replace file="${target}/net/sourceforge/pmd/lang/vm/ast/ParseException.java"
                 token="extends Exception"
                 value="extends net.sourceforge.pmd.lang.ast.ParseException" />
    	<replace file="${target}/net/sourceforge/pmd/lang/vm/ast/VmParserVisitor.java"
                 token="SimpleNode"
                 value="VmNode" />
        <replace file="${target}/net/sourceforge/pmd/lang/vm/ast/JJTVmParserState.java">
            <replacetoken>public class</replacetoken>
            <replacevalue><![CDATA[import net.sourceforge.pmd.lang.ast.Node;

public class]]></replacevalue>
        </replace>

        <delete file="${target}/net/sourceforge/pmd/lang/vm/ast/ASTAddNode.java"/>
        <delete file="${target}/net/sourceforge/pmd/lang/vm/ast/ASTDirective.java"/>
        <delete file="${target}/net/sourceforge/pmd/lang/vm/ast/ASTDivNode.java"/>
        <delete file="${target}/net/sourceforge/pmd/lang/vm/ast/ASTEscape.java"/>
        <delete file="${target}/net/sourceforge/pmd/lang/vm/ast/ASTMethod.java"/>
        <delete file="${target}/net/sourceforge/pmd/lang/vm/ast/ASTModNode.java"/>
        <delete file="${target}/net/sourceforge/pmd/lang/vm/ast/ASTMulNode.java"/>
        <delete file="${target}/net/sourceforge/pmd/lang/vm/ast/ASTReference.java"/>
        <delete file="${target}/net/sourceforge/pmd/lang/vm/ast/ASTStringLiteral.java"/>
        <delete file="${target}/net/sourceforge/pmd/lang/vm/ast/ASTSubtractNode.java"/>
    </target>
</project>
